quantity,pearson_r,spearman_rho,rmse
F_mag,-0.731238396262092,-1.0,0.035869590348266624
ln_F_mag,-0.9375639011518812,-1.0,0.018289855069232867
